{
  "workspace": "/home/yanwen/research/agentic/loopmaster/_grasp_runs/capture_anygrasp_grasp_pose-20260711-015237-c15563",
  "mode": "hardcode",
  "rgb_path": null,
  "depth_path": null,
  "debug_image_path": null,
  "extrinsics_path": "/home/yanwen/research/agentic/loopmaster/loopmaster_agentic/config/head_camera_extrinsics.json",
  "camera_to_object": [
    [
      1.0,
      0.0,
      0.0,
      -0.26
    ],
    [
      0.0,
      1.0,
      0.0,
      -0.26
    ],
    [
      0.0,
      0.0,
      1.0,
      0.25
    ],
    [
      0.0,
      0.0,
      0.0,
      1.0
    ]
  ],
  "right_arm_grasp_pose": [
    [
      -0.8660254037844386,
      0.0,
      0.5,
      0.38016660498395405
    ],
    [
      0.0,
      1.0,
      0.0,
      0.0
    ],
    [
      -0.5,
      0.0,
      -0.8660254037844386,
      0.2534936490538904
    ],
    [
      0.0,
      0.0,
      0.0,
      1.0
    ]
  ],
  "right_arm_target_pose": [
    [
      1.0,
      0.0,
      0.0,
      0.38016660498395405
    ],
    [
      0.0,
      1.0,
      0.0,
      0.0
    ],
    [
      0.0,
      0.0,
      1.0,
      0.2534936490538904
    ],
    [
      0.0,
      0.0,
      0.0,
      1.0
    ]
  ],
  "right_arm_target_z_offset_m": 0.0,
  "target_rotation": "fixed",
  "move_arm_ee_args": {
    "side": "right",
    "input_frame": "arm",
    "pose": {
      "position": [
        0.38016660498395405,
        0.0,
        0.2534936490538904
      ]
    },
    "execute": true,
    "max_joint_step": 0.05,
    "step_dt": 0.08,
    "hold_s": 0.0,
    "orientation_cost": 0.5,
    "preserve_current_orientation": true,
    "current_positions": {
      "joint_1": -0.1356145590543747,
      "joint_2": -1.3578622341156006,
      "joint_3": -0.91,
      "joint_4": 1.2438009977340698,
      "joint_5": 0.010490577667951584,
      "joint_6": 0.026131074875593185,
      "gripper": -0.21229113638401031
    },
    "other_arm_positions": {
      "joint_1": -0.1356145590543747,
      "joint_2": -1.3578622341156006,
      "joint_3": -0.91,
      "joint_4": 1.2438009977340698,
      "joint_5": 0.010490577667951584,
      "joint_6": 0.026131074875593185,
      "gripper": -0.21229113638401031
    }
  },
  "arm_init_config": "/home/yanwen/research/agentic/loopmaster/loopmaster_agentic/config/arm_init_pose.json",
  "init_arm_positions": {
    "joint_1": -0.1356145590543747,
    "joint_2": -1.3578622341156006,
    "joint_3": -0.91,
    "joint_4": 1.2438009977340698,
    "joint_5": 0.010490577667951584,
    "joint_6": 0.026131074875593185,
    "gripper": -0.21229113638401031
  },
  "init_arm_results": [
    {
      "side": "both",
      "args": {
        "side": "both",
        "positions": {
          "joint_1": -0.1356145590543747,
          "joint_2": -1.3578622341156006,
          "joint_3": -0.91,
          "joint_4": 1.2438009977340698,
          "joint_5": 0.010490577667951584,
          "joint_6": 0.026131074875593185,
          "gripper": -0.21229113638401031
        }
      },
      "result": {
        "ok": true,
        "action_sent": {
          "right_joint_1.pos": -0.1356145590543747,
          "right_joint_2.pos": -1.3578622341156006,
          "right_joint_3.pos": -0.9100000262260437,
          "right_joint_4.pos": 1.2438009977340698,
          "right_joint_5.pos": 0.010490577667951584,
          "right_joint_6.pos": 0.026131074875593185,
          "right_gripper.pos": -0.21229113638401031,
          "left_joint_1.pos": -0.1356145590543747,
          "left_joint_2.pos": -1.3578622341156006,
          "left_joint_3.pos": -0.9100000262260437,
          "left_joint_4.pos": 1.2438009977340698,
          "left_joint_5.pos": 0.010490577667951584,
          "left_joint_6.pos": 0.026131074875593185,
          "left_gripper.pos": -0.21229113638401031,
          "x.vel": 0.0,
          "y.vel": 0.0,
          "theta.vel": 0.0,
          "height.pos": 0.0
        }
      }
    }
  ],
  "move_arm_ee_result": {
    "ok": false,
    "side": "right",
    "ik_success": false,
    "positions": {
      "joint_1": -0.00194253055934443,
      "joint_2": -1.9351155514260234,
      "joint_3": -1.913680172653857,
      "joint_4": 1.57,
      "joint_5": -0.005801898636283431,
      "joint_6": 0.15940116892866216,
      "gripper": -0.21229113638401031
    },
    "target_arm_pose": [
      [
        -0.12087074696958622,
        0.15949780928180554,
        0.979770744287315,
        0.38016660498395405
      ],
      [
        0.005901694449459538,
        0.9871052502695176,
        -0.15996372992956404,
        0.0
      ],
      [
        -0.9926507102347933,
        -0.013552627961324268,
        -0.12025345627341633,
        0.2534936490538904
      ],
      [
        0.0,
        0.0,
        0.0,
        1.0
      ]
    ],
    "target_camera_pose": null,
    "transform": null,
    "error": "IK did not converge",
    "ik_info": {
      "backend": "mink",
      "solver": "daqp",
      "iterations": 80,
      "position_error_m": 0.08501143324328969,
      "task_position_error_m": 0.08504725370904688,
      "orientation_cost": 0.5,
      "preserve_current_orientation": true,
      "target_world_position": [
        0.38016660498395405,
        -0.23,
        0.2534936490538904
      ],
      "reached_world_position": [
        0.3498698256520452,
        -0.2296157670556685,
        0.17406505653686027
      ]
    }
  },
  "move_arm_ee_error": "move_arm_ee failed: IK did not converge\ntrace: /home/yanwen/research/agentic/loopmaster/_grasp_runs/capture_anygrasp_grasp_pose-20260711-015237-c15563/trace.jsonl",
  "post_move_arm_positions": null,
  "camera_params": null,
  "top_grasp": {
    "index": 0,
    "score": null,
    "width": null,
    "height": null,
    "depth": null,
    "translation": [
      -0.26,
      -0.26,
      0.25
    ],
    "rotation_matrix": [
      [
        1.0,
        0.0,
        0.0
      ],
      [
        0.0,
        1.0,
        0.0
      ],
      [
        0.0,
        0.0,
        1.0
      ]
    ],
    "object_id": null,
    "source": "hardcode"
  }
}