{
    "episode_index": {
        "min": [
            0
        ],
        "max": [
            4
        ],
        "mean": [
            2.057455540355677
        ],
        "std": [
            1.4067391382745058
        ],
        "count": [
            2924
        ],
        "q01": [
            2.0574555403556776
        ],
        "q10": [
            2.057455540355681
        ],
        "q50": [
            2.057455540355697
        ],
        "q90": [
            2.057455540355713
        ],
        "q99": [
            2.057455540355717
        ]
    },
    "observation.state": {
        "min": [
            -0.03376058489084244,
            -1.7504005432128906,
            -1.4024949073791504,
            -1.3033112287521362,
            -0.4381246566772461,
            -0.0009536888683214784,
            -4.5008392333984375,
            -0.9359502792358398,
            -1.6290913820266724,
            -1.2487602233886719,
            -1.187342643737793,
            -0.6651026010513306,
            -0.8047226667404175,
            -4.5000762939453125,
            -0.0,
            -4.336808754565503e-20,
            0.0024420025292783976,
            -0.009107057936489582
        ],
        "max": [
            0.7131685614585876,
            -0.49458304047584534,
            -0.3107118308544159,
            1.0709925889968872,
            0.35152971744537354,
            0.7337682247161865,
            -0.1504921019077301,
            0.04749370738863945,
            -0.4983977973461151,
            -0.39806973934173584,
            1.0732814073562622,
            0.5056458115577698,
            0.2771419882774353,
            -0.01430533267557621,
            -0.0,
            -4.336808754565503e-20,
            0.0024420025292783976,
            -0.009107057936489582
        ],
        "mean": [
            0.11710983170046714,
            -0.8259847791083208,
            -0.6835853694116368,
            0.16284754326173373,
            -0.046394121634923055,
            0.1500834928223196,
            -1.0404040369825633,
            -0.16871138312248704,
            -0.7780551280311618,
            -0.6193430785563674,
            0.10761949132552062,
            -0.048400493919984446,
            -0.07598212502626689,
            -0.8942852936762802,
            0.0,
            -4.336784968194357e-20,
            0.0024420025292783976,
            -0.009107101394281445
        ],
        "std": [
            0.209461939366656,
            0.4363045571526521,
            0.26764433398581555,
            0.4118806527429984,
            0.10636820807015204,
            0.22638456196184722,
            1.5763547428662685,
            0.3086940142122981,
            0.4073876307809327,
            0.22421568594817953,
            0.4580126923488919,
            0.19385464946812125,
            0.26794246708482805,
            1.680326515801097,
            0.0,
            1.8140691828932472e-22,
            6.9473436402876146e-06,
            7.721325307250625e-10
        ],
        "count": [
            2924
        ],
        "q01": [
            -0.011474820172608566,
            -1.136029891797358,
            -0.9428403008603853,
            -0.2781059894850679,
            -0.2219080383574358,
            -0.0005519915302310439,
            -2.6277106729541204,
            -0.4002860017833982,
            -0.9530853385108278,
            -0.7519093732878301,
            -0.4744850098034732,
            -0.2802620801352526,
            -0.31960108784920127,
            -1.947069197379705,
            3.999578446212127e-16,
            -3.960269612246492e-14,
            0.0024420025292783976,
            -0.009107057936489582
        ],
        "q10": [
            -0.0006344611994062815,
            -1.1206469063842022,
            -0.8515369501122863,
            -0.15022322059732848,
            -0.14672327652733558,
            -0.00019967608804982384,
            -2.6275424270192773,
            -0.36354791506015727,
            -0.9276221932751755,
            -0.7292249154212863,
            -0.32625926497246815,
            -0.20742466483019903,
            -0.28419559564642877,
            -1.947069197379705,
            3.9995784462121255e-15,
            -3.6002451020422654e-14,
            0.0024420025292783976,
            -0.009107057936489582
        ],
        "q50": [
            0.07969913949660615,
            -0.9131538090684673,
            -0.7133241494360766,
            0.1759120862729454,
            -0.030584295449924002,
            0.12705486673059765,
            -0.614867339394457,
            -0.158037359564218,
            -0.8566702823439606,
            -0.65527279592372,
            0.2712426956590616,
            -0.03804465801809883,
            -0.010378930872236866,
            -0.38918991304969697,
            1.9997892231060632e-14,
            -2.0001361678012586e-14,
            0.0024420025292783976,
            -0.009107057936489582
        ],
        "q90": [
            0.2919968519195465,
            -0.49942399938327064,
            -0.4976386339013196,
            0.48643115424184463,
            0.007122371863999055,
            0.3201856868225616,
            -0.15085610571789962,
            0.004595883836673245,
            -0.5049388633219178,
            -0.48395800139693723,
            0.40746525412327367,
            0.14921336306132174,
            0.09357451668331376,
            -0.01577055320312194,
            3.599620601590914e-14,
            -4.000272335602518e-15,
            0.0024420025292783976,
            -0.009107057936489582
        ],
        "q99": [
            0.300676361944118,
            -0.4982650285652393,
            -0.4652731529805284,
            0.5746541002965513,
            0.11712662791650007,
            0.33414991819064277,
            -0.15074219839411962,
            0.014864179341975476,
            -0.5018449130103084,
            -0.4665315406110982,
            0.42468988143158287,
            0.18039460535013935,
            0.12332838304780382,
            -0.015561330133420004,
            3.9595826617500056e-14,
            -4.000272335602504e-16,
            0.0024420025292783976,
            -0.009107057936489582
        ]
    },
    "frame_index": {
        "min": [
            0
        ],
        "max": [
            677
        ],
        "mean": [
            293.85396716826267
        ],
        "std": [
            172.3967589344461
        ],
        "count": [
            2924
        ],
        "q01": [
            5.268297575825186
        ],
        "q10": [
            58.39228054711549
        ],
        "q50": [
            293.57107824897395
        ],
        "q90": [
            529.1504280712156
        ],
        "q99": [
            582.4396367607002
        ]
    },
    "action": {
        "min": [
            -0.045378562062978745,
            -1.7523105144500732,
            -1.441641926765442,
            -1.3386675119400024,
            -0.45553094148635864,
            0.0,
            -4.5,
            -0.9564404487609863,
            -1.631882905960083,
            -1.286307692527771,
            -1.2217304706573486,
            -0.7033677101135254,
            -0.811578094959259,
            -4.5,
            0.0,
            0.0,
            0.0,
            -0.009107057936489582
        ],
        "max": [
            0.7155849933624268,
            -0.49043750762939453,
            -0.21118484437465668,
            1.0995573997497559,
            0.39095374941825867,
            0.7330383062362671,
            0.0,
            0.06108652427792549,
            -0.4956735074520111,
            -0.3193952441215515,
            1.0855947732925415,
            0.513126790523529,
            0.28099802136421204,
            0.0,
            0.0,
            0.0,
            0.0,
            -0.009107057936489582
        ],